{
  "name": "typercript",
  "version": "1.0.0",
  "description": "API Pokémon Memory Game",
  "main": "dist/server.js",
  "scripts": {
    "dev": "ts-node-dev --respawn --transpile-only server.ts",
    "build": "tsc",
    "start": "node dist/server.js"
  },
  "keywords": [],
  "author": "",
  "license": "ISC",
  "dependencies": {
    "express": "^5.1.0"
  },
  "devDependencies": {
    "typescript": "^5.9.3",
    "ts-node-dev": "^2.0.0",
    "@types/express": "^4.17.17"
  }
}
